4.31,2.605,0.185,1.015,0.41,4.31,2.605,0.185,1.015,0.41,4.31,2.605,0.185,1.015,0.41,4.31,2.605,0.185,1.015,0.41,4.31,2.605,0.185,1.015,0.41,4.31,2.605,0.185,1.015,0.41,4.31,2.605,0.185,1.015,0.41
4.31,2.605,0.185,1.015,0.41,4.31,2.605,0.185,1.015,0.41,4.31,2.605,0.185,1.015,0.41,4.31,2.605,0.185,1.015,0.41,4.31,2.605,0.185,1.015,0.41,4.31,2.605,0.185,1.015,0.41,4.31,2.605,0.185,1.015,0.41
4.31,2.605,0.185,1.015,0.41,4.31,2.605,0.185,1.015,0.41,4.31,2.605,0.185,1.015,0.41,4.31,2.605,0.185,1.015,0.41,4.31,2.605,0.185,1.015,0.41,4.31,2.605,0.185,1.015,0.41,4.31,2.605,0.185,1.015,0.41
4.31,2.605,0.185,1.015,0.41,4.31,2.605,0.185,1.015,0.41,4.31,2.605,0.185,1.015,0.41,4.31,2.605,0.185,1.015,0.41,4.31,2.605,0.185,1.015,0.41,4.31,2.605,0.185,1.015,0.41,4.31,2.605,0.185,1.015,0.41
4.31,2.605,0.185,1.015,0.41,4.31,2.605,0.185,1.015,0.41,4.31,2.605,0.185,1.015,0.41,4.31,2.605,0.185,1.015,0.41,4.31,2.605,0.185,1.015,0.41,4.31,2.605,0.185,1.015,0.41,4.31,2.605,0.185,1.015,0.41
4.31,2.605,0.185,1.015,0.41,4.31,2.605,0.185,1.015,0.41,4.31,2.605,0.185,1.015,0.41,4.31,2.605,0.185,1.015,0.41,4.31,2.605,0.185,1.015,0.41,4.31,2.605,0.185,1.015,0.41,4.31,2.605,0.185,1.015,0.41
4.31,2.605,0.185,1.015,0.41,4.31,2.605,0.185,1.015,0.41,4.31,2.605,0.185,1.015,0.41,4.31,2.605,0.185,1.015,0.41,4.31,2.605,0.185,1.015,0.41,4.31,2.605,0.185,1.015,0.41,4.31,2.605,0.185,1.015,0.41
4.31,2.605,0.185,1.015,0.41,4.31,2.605,0.185,1.015,0.41,4.31,2.605,0.185,1.015,0.41,4.31,2.605,0.185,1.015,0.41,4.31,2.605,0.185,1.015,0.41,4.31,2.605,0.185,1.015,0.41,4.31,2.605,0.185,1.015,0.41
4.31,2.605,0.185,1.015,0.41,4.31,2.605,0.185,1.015,0.41,4.31,2.605,0.185,1.015,0.41,4.31,2.605,0.185,1.015,0.41,4.31,2.605,0.185,1.015,0.41,4.31,2.605,0.185,1.015,0.41,4.31,2.605,0.185,1.015,0.41
4.31,2.605,0.185,1.015,0.41,4.31,2.605,0.185,1.015,0.41,4.31,2.605,0.185,1.015,0.41,4.31,2.605,0.185,1.015,0.41,4.31,2.605,0.185,1.015,0.41,4.31,2.605,0.185,1.015,0.41,4.31,2.605,0.185,1.015,0.41
4.31,2.605,0.185,1.015,0.41,4.31,2.605,0.185,1.015,0.41,4.31,2.605,0.185,1.015,0.41,4.31,2.605,0.185,1.015,0.41,4.31,2.605,0.185,1.015,0.41,4.31,2.605,0.185,1.015,0.41,4.31,2.605,0.185,1.015,0.41
4.31,2.605,0.185,1.015,0.41,4.31,2.605,0.185,1.015,0.41,4.31,2.605,0.185,1.015,0.41,4.31,2.605,0.185,1.015,0.41,4.31,2.605,0.185,1.015,0.41,4.31,2.605,0.185,1.015,0.41,4.31,2.605,0.185,1.015,0.41
4.31,2.605,0.185,1.015,0.41,4.31,2.605,0.185,1.015,0.41,4.31,2.605,0.185,1.015,0.41,4.31,2.605,0.185,1.015,0.41,4.31,2.605,0.185,1.015,0.41,4.31,2.605,0.185,1.015,0.41,4.31,2.605,0.185,1.015,0.41
4.31,2.605,0.185,1.015,0.41,4.31,2.605,0.185,1.015,0.41,4.31,2.605,0.185,1.015,0.41,4.31,2.605,0.185,1.015,0.41,4.31,2.605,0.185,1.015,0.41,4.31,2.605,0.185,1.015,0.41,4.31,2.605,0.185,1.015,0.41
4.31,2.605,0.185,1.015,0.41,4.31,2.605,0.185,1.015,0.41,4.31,2.605,0.185,1.015,0.41,4.31,2.605,0.185,1.015,0.41,4.31,2.605,0.185,1.015,0.41,4.31,2.605,0.185,1.015,0.41,4.31,2.605,0.185,1.015,0.41
4.31,2.605,0.185,1.015,0.41,4.31,2.605,0.185,1.015,0.41,4.31,2.605,0.185,1.015,0.41,4.31,2.605,0.185,1.015,0.41,4.31,2.605,0.185,1.015,0.41,4.31,2.605,0.185,1.015,0.41,4.31,2.605,0.185,1.015,0.41
4.31,2.605,0.185,1.015,0.41,4.31,2.605,0.185,1.015,0.41,4.31,2.605,0.185,1.015,0.41,4.31,2.605,0.185,1.015,0.41,4.31,2.605,0.185,1.015,0.41,4.31,2.605,0.185,1.015,0.41,4.31,2.605,0.185,1.015,0.41
4.31,2.605,0.185,1.015,0.41,4.31,2.605,0.185,1.015,0.41,4.31,2.605,0.185,1.015,0.41,4.31,2.605,0.185,1.015,0.41,4.31,2.605,0.185,1.015,0.41,4.31,2.605,0.185,1.015,0.41,4.31,2.605,0.185,1.015,0.41
4.31,2.605,0.185,1.015,0.41,4.31,2.605,0.185,1.015,0.41,4.31,2.605,0.185,1.015,0.41,4.31,2.605,0.185,1.015,0.41,4.31,2.605,0.185,1.015,0.41,4.31,2.605,0.185,1.015,0.41,4.31,2.605,0.185,1.015,0.41
4.31,2.605,0.185,1.015,0.41,4.31,2.605,0.185,1.015,0.41,4.31,2.605,0.185,1.015,0.41,4.31,2.605,0.185,1.015,0.41,4.31,2.605,0.185,1.015,0.41,4.31,2.605,0.185,1.015,0.41,4.31,2.605,0.185,1.015,0.41
4.31,2.605,0.185,1.015,0.41,4.31,2.605,0.185,1.015,0.41,4.31,2.605,0.185,1.015,0.41,4.31,2.605,0.185,1.015,0.41,4.31,2.605,0.185,1.015,0.41,4.31,2.605,0.185,1.015,0.41,4.31,2.605,0.185,1.015,0.41
4.31,2.605,0.185,1.015,0.41,4.31,2.605,0.185,1.015,0.41,4.31,2.605,0.185,1.015,0.41,4.31,2.605,0.185,1.015,0.41,4.31,2.605,0.185,1.015,0.41,4.31,2.605,0.185,1.015,0.41,4.31,2.605,0.185,1.015,0.41
4.31,2.605,0.185,1.015,0.41,4.31,2.605,0.185,1.015,0.41,4.31,2.605,0.185,1.015,0.41,4.31,2.605,0.185,1.015,0.41,4.31,2.605,0.185,1.015,0.41,4.31,2.605,0.185,1.015,0.41,4.31,2.605,0.185,1.015,0.41
4.31,2.605,0.185,1.015,0.41,4.31,2.605,0.185,1.015,0.41,4.31,2.605,0.185,1.015,0.41,4.31,2.605,0.185,1.015,0.41,4.31,2.605,0.185,1.015,0.41,4.31,2.605,0.185,1.015,0.41,4.31,2.605,0.185,1.015,0.41
4.31,2.605,0.185,1.015,0.41,4.31,2.605,0.185,1.015,0.41,4.31,2.605,0.185,1.015,0.41,4.31,2.605,0.185,1.015,0.41,4.31,2.605,0.185,1.015,0.41,4.31,2.605,0.185,1.015,0.41,4.31,2.605,0.185,1.015,0.41
4.31,2.605,0.185,1.015,0.41,4.31,2.605,0.185,1.015,0.41,4.31,2.605,0.185,1.015,0.41,4.31,2.605,0.185,1.015,0.41,4.31,2.605,0.185,1.015,0.41,4.31,2.605,0.185,1.015,0.41,4.31,2.605,0.185,1.015,0.41
4.31,2.605,0.185,1.015,0.41,4.31,2.605,0.185,1.015,0.41,4.31,2.605,0.185,1.015,0.41,4.31,2.605,0.185,1.015,0.41,4.31,2.605,0.185,1.015,0.41,4.31,2.605,0.185,1.015,0.41,4.31,2.605,0.185,1.015,0.41
4.31,2.605,0.185,1.015,0.41,4.31,2.605,0.185,1.015,0.41,4.31,2.605,0.185,1.015,0.41,4.31,2.605,0.185,1.015,0.41,4.31,2.605,0.185,1.015,0.41,4.31,2.605,0.185,1.015,0.41,4.31,2.605,0.185,1.015,0.41
4.31,2.605,0.185,1.015,0.41,4.31,2.605,0.185,1.015,0.41,4.31,2.605,0.185,1.015,0.41,4.31,2.605,0.185,1.015,0.41,4.31,2.605,0.185,1.015,0.41,4.31,2.605,0.185,1.015,0.41,4.31,2.605,0.185,1.015,0.41
4.31,2.605,0.185,1.015,0.41,4.31,2.605,0.185,1.015,0.41,4.31,2.605,0.185,1.015,0.41,4.31,2.605,0.185,1.015,0.41,4.31,2.605,0.185,1.015,0.41,4.31,2.605,0.185,1.015,0.41,4.31,2.605,0.185,1.015,0.41
4.31,2.605,0.185,1.015,0.41,4.31,2.605,0.185,1.015,0.41,4.31,2.605,0.185,1.015,0.41,4.31,2.605,0.185,1.015,0.41,4.31,2.605,0.185,1.015,0.41,4.31,2.605,0.185,1.015,0.41,4.31,2.605,0.185,1.015,0.41
4.31,2.605,0.185,1.015,0.41,4.31,2.605,0.185,1.015,0.41,4.31,2.605,0.185,1.015,0.41,4.31,2.605,0.185,1.015,0.41,4.31,2.605,0.185,1.015,0.41,4.31,2.605,0.185,1.015,0.41,4.31,2.605,0.185,1.015,0.41
4.31,2.605,0.185,1.015,0.41,4.31,2.605,0.185,1.015,0.41,4.31,2.605,0.185,1.015,0.41,4.31,2.605,0.185,1.015,0.41,4.31,2.605,0.185,1.015,0.41,4.31,2.605,0.185,1.015,0.41,4.31,2.605,0.185,1.015,0.41
4.31,2.605,0.185,1.015,0.41,4.31,2.605,0.185,1.015,0.41,4.31,2.605,0.185,1.015,0.41,4.31,2.605,0.185,1.015,0.41,4.31,2.605,0.185,1.015,0.41,4.31,2.605,0.185,1.015,0.41,4.31,2.605,0.185,1.015,0.41
4.31,2.605,0.185,1.015,0.41,4.31,2.605,0.185,1.015,0.41,4.31,2.605,0.185,1.015,0.41,4.31,2.605,0.185,1.015,0.41,4.31,2.605,0.185,1.015,0.41,4.31,2.605,0.185,1.015,0.41,4.31,2.605,0.185,1.015,0.41
4.31,2.605,0.185,1.015,0.41,4.31,2.605,0.185,1.015,0.41,4.31,2.605,0.185,1.015,0.41,4.31,2.605,0.185,1.015,0.41,4.31,2.605,0.185,1.015,0.41,4.31,2.605,0.185,1.015,0.41,4.31,2.605,0.185,1.015,0.41
4.31,2.605,0.185,1.015,0.41,4.31,2.605,0.185,1.015,0.41,4.31,2.605,0.185,1.015,0.41,4.31,2.605,0.185,1.015,0.41,4.31,2.605,0.185,1.015,0.41,4.31,2.605,0.185,1.015,0.41,4.31,2.605,0.185,1.015,0.41
4.31,2.605,0.185,1.015,0.41,4.31,2.605,0.185,1.015,0.41,4.31,2.605,0.185,1.015,0.41,4.31,2.605,0.185,1.015,0.41,4.31,2.605,0.185,1.015,0.41,4.31,2.605,0.185,1.015,0.41,4.31,2.605,0.185,1.015,0.41
4.31,2.605,0.185,1.015,0.41,4.31,2.605,0.185,1.015,0.41,4.31,2.605,0.185,1.015,0.41,4.31,2.605,0.185,1.015,0.41,4.31,2.605,0.185,1.015,0.41,4.31,2.605,0.185,1.015,0.41,4.31,2.605,0.185,1.015,0.41
4.31,2.605,0.185,1.015,0.41,4.31,2.605,0.185,1.015,0.41,4.31,2.605,0.185,1.015,0.41,4.31,2.605,0.185,1.015,0.41,4.31,2.605,0.185,1.015,0.41,4.31,2.605,0.185,1.015,0.41,4.31,2.605,0.185,1.015,0.41
4.31,2.605,0.185,1.015,0.41,4.31,2.605,0.185,1.015,0.41,4.31,2.605,0.185,1.015,0.41,4.31,2.605,0.185,1.015,0.41,4.31,2.605,0.185,1.015,0.41,4.31,2.605,0.185,1.015,0.41,4.31,2.605,0.185,1.015,0.41
4.31,2.605,0.185,1.015,0.41,4.31,2.605,0.185,1.015,0.41,4.31,2.605,0.185,1.015,0.41,4.31,2.605,0.185,1.015,0.41,4.31,2.605,0.185,1.015,0.41,4.31,2.605,0.185,1.015,0.41,4.31,2.605,0.185,1.015,0.41
4.31,2.605,0.185,1.015,0.41,4.31,2.605,0.185,1.015,0.41,4.31,2.605,0.185,1.015,0.41,4.31,2.605,0.185,1.015,0.41,4.31,2.605,0.185,1.015,0.41,4.31,2.605,0.185,1.015,0.41,4.31,2.605,0.185,1.015,0.41
4.31,2.605,0.185,1.015,0.41,4.31,2.605,0.185,1.015,0.41,4.31,2.605,0.185,1.015,0.41,4.31,2.605,0.185,1.015,0.41,4.31,2.605,0.185,1.015,0.41,4.31,2.605,0.185,1.015,0.41,4.31,2.605,0.185,1.015,0.41
4.31,2.605,0.185,1.015,0.41,4.31,2.605,0.185,1.015,0.41,4.31,2.605,0.185,1.015,0.41,4.31,2.605,0.185,1.015,0.41,4.31,2.605,0.185,1.015,0.41,4.31,2.605,0.185,1.015,0.41,4.31,2.605,0.185,1.015,0.41
4.31,2.605,0.185,1.015,0.41,4.31,2.605,0.185,1.015,0.41,4.31,2.605,0.185,1.015,0.41,4.31,2.605,0.185,1.015,0.41,4.31,2.605,0.185,1.015,0.41,4.31,2.605,0.185,1.015,0.41,4.31,2.605,0.185,1.015,0.41
4.31,2.605,0.185,1.015,0.41,4.31,2.605,0.185,1.015,0.41,4.31,2.605,0.185,1.015,0.41,4.31,2.605,0.185,1.015,0.41,4.31,2.605,0.185,1.015,0.41,4.31,2.605,0.185,1.015,0.41,4.31,2.605,0.185,1.015,0.41
4.31,2.605,0.185,1.015,0.41,4.31,2.605,0.185,1.015,0.41,4.31,2.605,0.185,1.015,0.41,4.31,2.605,0.185,1.015,0.41,4.31,2.605,0.185,1.015,0.41,4.31,2.605,0.185,1.015,0.41,4.31,2.605,0.185,1.015,0.41
4.31,2.605,0.185,1.015,0.41,4.31,2.605,0.185,1.015,0.41,4.31,2.605,0.185,1.015,0.41,4.31,2.605,0.185,1.015,0.41,4.31,2.605,0.185,1.015,0.41,4.31,2.605,0.185,1.015,0.41,4.31,2.605,0.185,1.015,0.41
4.31,2.605,0.185,1.015,0.41,4.31,2.605,0.185,1.015,0.41,4.31,2.605,0.185,1.015,0.41,4.31,2.605,0.185,1.015,0.41,4.31,2.605,0.185,1.015,0.41,4.31,2.605,0.185,1.015,0.41,4.31,2.605,0.185,1.015,0.41
4.31,2.605,0.185,1.015,0.41,4.31,2.605,0.185,1.015,0.41,4.31,2.605,0.185,1.015,0.41,4.31,2.605,0.185,1.015,0.41,4.31,2.605,0.185,1.015,0.41,4.31,2.605,0.185,1.015,0.41,4.31,2.605,0.185,1.015,0.41
4.31,2.605,0.185,1.015,0.41,4.31,2.605,0.185,1.015,0.41,4.31,2.605,0.185,1.015,0.41,4.31,2.605,0.185,1.015,0.41,4.31,2.605,0.185,1.015,0.41,4.31,2.605,0.185,1.015,0.41,4.31,2.605,0.185,1.015,0.41
4.31,2.605,0.185,1.015,0.41,4.31,2.605,0.185,1.015,0.41,4.31,2.605,0.185,1.015,0.41,4.31,2.605,0.185,1.015,0.41,4.31,2.605,0.185,1.015,0.41,4.31,2.605,0.185,1.015,0.41,4.31,2.605,0.185,1.015,0.41
4.31,2.605,0.185,1.015,0.41,4.31,2.605,0.185,1.015,0.41,4.31,2.605,0.185,1.015,0.41,4.31,2.605,0.185,1.015,0.41,4.31,2.605,0.185,1.015,0.41,4.31,2.605,0.185,1.015,0.41,4.31,2.605,0.185,1.015,0.41
4.31,2.605,0.185,1.015,0.41,4.31,2.605,0.185,1.015,0.41,4.31,2.605,0.185,1.015,0.41,4.31,2.605,0.185,1.015,0.41,4.31,2.605,0.185,1.015,0.41,4.31,2.605,0.185,1.015,0.41,4.31,2.605,0.185,1.015,0.41
4.31,2.605,0.185,1.015,0.41,4.31,2.605,0.185,1.015,0.41,4.31,2.605,0.185,1.015,0.41,4.31,2.605,0.185,1.015,0.41,4.31,2.605,0.185,1.015,0.41,4.31,2.605,0.185,1.015,0.41,4.31,2.605,0.185,1.015,0.41
4.31,2.605,0.185,1.015,0.41,4.31,2.605,0.185,1.015,0.41,4.31,2.605,0.185,1.015,0.41,4.31,2.605,0.185,1.015,0.41,4.31,2.605,0.185,1.015,0.41,4.31,2.605,0.185,1.015,0.41,4.31,2.605,0.185,1.015,0.41
4.31,2.605,0.185,1.015,0.41,4.31,2.605,0.185,1.015,0.41,4.31,2.605,0.185,1.015,0.41,4.31,2.605,0.185,1.015,0.41,4.31,2.605,0.185,1.015,0.41,4.31,2.605,0.185,1.015,0.41,4.31,2.605,0.185,1.015,0.41
4.31,2.605,0.185,1.015,0.41,4.31,2.605,0.185,1.015,0.41,4.31,2.605,0.185,1.015,0.41,4.31,2.605,0.185,1.015,0.41,4.31,2.605,0.185,1.015,0.41,4.31,2.605,0.185,1.015,0.41,4.31,2.605,0.185,1.015,0.41
4.31,2.605,0.185,1.015,0.41,4.31,2.605,0.185,1.015,0.41,4.31,2.605,0.185,1.015,0.41,4.31,2.605,0.185,1.015,0.41,4.31,2.605,0.185,1.015,0.41,4.31,2.605,0.185,1.015,0.41,4.31,2.605,0.185,1.015,0.41
4.31,2.605,0.185,1.015,0.41,4.31,2.605,0.185,1.015,0.41,4.31,2.605,0.185,1.015,0.41,4.31,2.605,0.185,1.015,0.41,4.31,2.605,0.185,1.015,0.41,4.31,2.605,0.185,1.015,0.41,4.31,2.605,0.185,1.015,0.41
4.31,2.605,0.185,1.015,0.41,4.31,2.605,0.185,1.015,0.41,4.31,2.605,0.185,1.015,0.41,4.31,2.605,0.185,1.015,0.41,4.31,2.605,0.185,1.015,0.41,4.31,2.605,0.185,1.015,0.41,4.31,2.605,0.185,1.015,0.41
4.31,2.605,0.185,1.015,0.41,4.31,2.605,0.185,1.015,0.41,4.31,2.605,0.185,1.015,0.41,4.31,2.605,0.185,1.015,0.41,4.31,2.605,0.185,1.015,0.41,4.31,2.605,0.185,1.015,0.41,4.31,2.605,0.185,1.015,0.41
4.31,2.605,0.185,1.015,0.41,4.31,2.605,0.185,1.015,0.41,4.31,2.605,0.185,1.015,0.41,4.31,2.605,0.185,1.015,0.41,4.31,2.605,0.185,1.015,0.41,4.31,2.605,0.185,1.015,0.41,4.31,2.605,0.185,1.015,0.41
4.31,2.605,0.185,1.015,0.41,4.31,2.605,0.185,1.015,0.41,4.31,2.605,0.185,1.015,0.41,4.31,2.605,0.185,1.015,0.41,4.31,2.605,0.185,1.015,0.41,4.31,2.605,0.185,1.015,0.41,4.31,2.605,0.185,1.015,0.41
